{"cameraMode":{"drawMode":0,"name":"Shaded","section":"Shading Mode"},"sceneLighting":true,"audioPlay":false,"sceneViewState":{"m_AlwaysRefresh":false,"showFog":true,"showSkybox":true,"showFlares":true,"showImageEffects":true,"showParticleSystems":true,"showVisualEffectGraphs":true,"m_FxEnabled":true},"in2DMode":false,"pivot":{"x":2.1279494762420656,"y":-42.199684143066409,"z":42.823143005371097},"rotation":{"x":0.298266738653183,"y":0.10566269606351853,"z":-0.03324180468916893,"w":0.9480400085449219},"size":49.38408279418945,"orthographic":false}